---,Durability,PhysicalPower,Agility,Stability,MaxHyperopiaDistance,ElementType,ElementValue,ElementResistance,PowerValue,Quality,QualityScale,LinearDamping,AngularDamping
Base,"1000.000000","100.000000","100.000000","100.000000","100000.000000","","()","()","0.000000","750.000000","1.000000","0.010000","1.000000"
Football,"1000.000000","100.000000","200.000000","100.000000","150000.000000","","()","()","0.000000","500.000000","1.000000","0.010000","5.000000"
Chair,"1200.000000","100.000000","100.000000","150.000000","100000.000000","","()","()","0.000000","1000.000000","1.000000","0.010000","10.000000"
